trip_id,driver_id,start_time,end_time,duration_minutes,fare,earnings_per_minute,total_events,stress_events,harsh_braking_events,harsh_acceleration_events,noise_events,event_rate_per_hour,stress_score,safety_rating,route_efficiency,peak_hour_trip,recommendations
driver_007_trip_009,driver_007,2026-03-03 22:35:22.162157,2026-03-04 00:27:22.162157,112.0,8.84,0.07892857142857143,14,1,0,0,1,7.5,0.11849811968560235,POOR,0.0,False,"[""\u26a0\ufe0f Safety concerns detected. Focus on smoother driving techniques."", ""Reduce speed and increase following distance to prevent harsh braking."", ""\ud83d\udc40 Moderate event rate. Increase situational awareness."", ""\ud83d\udcb0 Consider driving during peak hours for higher earnings potential.""]"
driver_006_trip_006,driver_006,2026-03-04 03:32:22.162157,2026-03-04 04:34:22.162157,62.0,30.75,0.4959677419354839,12,0,0,0,0,11.612903225806452,0.1935483870967742,POOR,0.0,False,"[""\u26a0\ufe0f Safety concerns detected. Focus on smoother driving techniques."", ""Reduce speed and increase following distance to prevent harsh braking."", ""\ud83d\udcc8 High event rate detected. Focus on anticipating traffic flow."", ""\ud83d\udcb0 Consider driving during peak hours for higher earnings potential.""]"
driver_009_trip_014,driver_009,2026-03-04 05:06:22.162157,2026-03-04 06:16:22.162157,70.0,45.74,0.6534285714285715,10,0,0,0,0,8.571428571428571,0.14285714285714285,FAIR,0.1,False,"[""\ud83d\udcca Room for safety improvement. Monitor driving patterns during busy periods."", ""\ud83d\udc40 Moderate event rate. Increase situational awareness.""]"
driver_010_trip_020,driver_010,2026-03-04 06:55:22.162157,2026-03-04 08:07:22.162157,72.0,26.5,0.3680555555555556,20,0,0,0,0,16.666666666666668,0.2777777777777778,POOR,0.0,False,"[""\u26a0\ufe0f Safety concerns detected. Focus on smoother driving techniques."", ""Reduce speed and increase following distance to prevent harsh braking."", ""\ud83d\udcc8 High event rate detected. Focus on anticipating traffic flow."", ""\ud83d\udcb0 Consider driving during peak hours for higher earnings potential.""]"
driver_006_trip_011,driver_006,2026-03-04 08:00:22.162157,2026-03-04 09:16:22.162157,76.0,30.65,0.40328947368421053,23,0,0,0,0,18.157894736842106,0.3026315789473684,POOR,0.0,True,"[""\u26a0\ufe0f Safety concerns detected. Focus on smoother driving techniques."", ""Reduce speed and increase following distance to prevent harsh braking."", ""\ud83d\udcc8 High event rate detected. Focus on anticipating traffic flow.""]"
driver_007_trip_013,driver_007,2026-03-04 09:06:22.162157,2026-03-04 11:01:22.162157,115.0,19.53,0.16982608695652174,74,0,0,0,0,38.60869565217391,0.6434782608695652,POOR,0.0,True,"[""\u26a0\ufe0f Safety concerns detected. Focus on smoother driving techniques."", ""Reduce speed and increase following distance to prevent harsh braking."", ""\ud83d\udcc8 High event rate detected. Focus on anticipating traffic flow.""]"
driver_003_trip_016,driver_003,2026-03-04 09:34:22.162157,2026-03-04 11:02:22.162157,88.0,12.57,0.1428409090909091,61,0,0,0,0,41.59090909090909,0.6931818181818182,POOR,0.0,True,"[""\u26a0\ufe0f Safety concerns detected. Focus on smoother driving techniques."", ""Reduce speed and increase following distance to prevent harsh braking."", ""\ud83d\udcc8 High event rate detected. Focus on anticipating traffic flow.""]"
driver_004_trip_001,driver_004,2026-03-04 10:09:22.162157,2026-03-04 10:20:22.162157,11.0,27.62,2.510909090909091,36,0,0,0,0,196.36363636363637,3.272727272727273,POOR,0.67,False,"[""\u26a0\ufe0f Safety concerns detected. Focus on smoother driving techniques."", ""Reduce speed and increase following distance to prevent harsh braking."", ""\ud83d\udcc8 High event rate detected. Focus on anticipating traffic flow.""]"
driver_009_trip_013,driver_009,2026-03-04 10:09:22.162157,2026-03-04 10:37:22.162157,28.0,22.51,0.8039285714285714,49,0,0,0,0,105.0,1.75,POOR,0.17,False,"[""\u26a0\ufe0f Safety concerns detected. Focus on smoother driving techniques."", ""Reduce speed and increase following distance to prevent harsh braking."", ""\ud83d\udcc8 High event rate detected. Focus on anticipating traffic flow.""]"
driver_006_trip_007,driver_006,2026-03-04 10:10:22.162157,2026-03-04 11:56:22.162157,106.0,8.39,0.07915094339622641,57,0,0,0,0,32.264150943396224,0.5377358490566038,POOR,0.0,False,"[""\u26a0\ufe0f Safety concerns detected. Focus on smoother driving techniques."", ""Reduce speed and increase following distance to prevent harsh braking."", ""\ud83d\udcc8 High event rate detected. Focus on anticipating traffic flow."", ""\ud83d\udcb0 Consider driving during peak hours for higher earnings potential.""]"
driver_009_trip_016,driver_009,2026-03-04 10:28:22.162157,2026-03-04 12:12:22.162157,104.0,47.78,0.45942307692307693,26,0,0,0,0,15.0,0.25,POOR,0.0,False,"[""\u26a0\ufe0f Safety concerns detected. Focus on smoother driving techniques."", ""Reduce speed and increase following distance to prevent harsh braking."", ""\ud83d\udcc8 High event rate detected. Focus on anticipating traffic flow."", ""\ud83d\udcb0 Consider driving during peak hours for higher earnings potential.""]"
driver_001_trip_019,driver_001,2026-03-04 11:26:22.162157,2026-03-04 12:22:22.162157,56.0,12.8,0.2285714285714286,13,0,0,0,0,13.928571428571429,0.23214285714285715,POOR,0.0,False,"[""\u26a0\ufe0f Safety concerns detected. Focus on smoother driving techniques."", ""Reduce speed and increase following distance to prevent harsh braking."", ""\ud83d\udcc8 High event rate detected. Focus on anticipating traffic flow."", ""\ud83d\udcb0 Consider driving during peak hours for higher earnings potential.""]"
driver_004_trip_002,driver_004,2026-03-04 12:45:22.162157,2026-03-04 14:35:22.162157,110.0,20.53,0.18663636363636366,23,0,0,0,0,12.545454545454545,0.20909090909090908,POOR,0.0,False,"[""\u26a0\ufe0f Safety concerns detected. Focus on smoother driving techniques."", ""Reduce speed and increase following distance to prevent harsh braking."", ""\ud83d\udcc8 High event rate detected. Focus on anticipating traffic flow."", ""\ud83d\udcb0 Consider driving during peak hours for higher earnings potential.""]"
driver_007_trip_010,driver_007,2026-03-04 13:07:22.162157,2026-03-04 14:52:22.162157,105.0,28.91,0.2753333333333333,13,0,0,0,0,7.428571428571429,0.12380952380952381,POOR,0.0,False,"[""\u26a0\ufe0f Safety concerns detected. Focus on smoother driving techniques."", ""Reduce speed and increase following distance to prevent harsh braking."", ""\ud83d\udc40 Moderate event rate. Increase situational awareness."", ""\ud83d\udcb0 Consider driving during peak hours for higher earnings potential.""]"
driver_006_trip_008,driver_006,2026-03-04 14:51:22.162157,2026-03-04 15:32:22.162157,41.0,43.3,1.0560975609756096,24,0,0,0,0,35.12195121951219,0.5853658536585366,POOR,0.35,False,"[""\u26a0\ufe0f Safety concerns detected. Focus on smoother driving techniques."", ""Reduce speed and increase following distance to prevent harsh braking."", ""\ud83d\udcc8 High event rate detected. Focus on anticipating traffic flow.""]"
driver_002_trip_004,driver_002,2026-03-04 15:06:22.162157,2026-03-04 15:29:22.162157,23.0,37.73,1.6404347826086956,12,0,0,0,0,31.304347826086957,0.5217391304347826,POOR,0.72,False,"[""\u26a0\ufe0f Safety concerns detected. Focus on smoother driving techniques."", ""Reduce speed and increase following distance to prevent harsh braking."", ""\ud83d\udcc8 High event rate detected. Focus on anticipating traffic flow.""]"
driver_002_trip_020,driver_002,2026-03-04 15:39:22.162157,2026-03-04 17:18:22.162157,99.0,15.62,0.15777777777777777,56,0,0,0,0,33.93939393939394,0.5656565656565656,POOR,0.0,False,"[""\u26a0\ufe0f Safety concerns detected. Focus on smoother driving techniques."", ""Reduce speed and increase following distance to prevent harsh braking."", ""\ud83d\udcc8 High event rate detected. Focus on anticipating traffic flow."", ""\ud83d\udcb0 Consider driving during peak hours for higher earnings potential.""]"
driver_006_trip_005,driver_006,2026-03-04 16:11:22.162157,2026-03-04 16:44:22.162157,33.0,19.88,0.6024242424242424,35,0,0,0,0,63.63636363636363,1.0606060606060606,POOR,0.06,False,"[""\u26a0\ufe0f Safety concerns detected. Focus on smoother driving techniques."", ""Reduce speed and increase following distance to prevent harsh braking."", ""\ud83d\udcc8 High event rate detected. Focus on anticipating traffic flow.""]"
driver_006_trip_004,driver_006,2026-03-04 16:20:22.162157,2026-03-04 16:35:22.162157,15.0,21.66,1.444,18,0,0,0,0,72.0,1.2,POOR,0.55,False,"[""\u26a0\ufe0f Safety concerns detected. Focus on smoother driving techniques."", ""Reduce speed and increase following distance to prevent harsh braking."", ""\ud83d\udcc8 High event rate detected. Focus on anticipating traffic flow.""]"
driver_007_trip_018,driver_007,2026-03-04 16:32:22.162157,2026-03-04 16:42:22.162157,10.0,24.91,2.491,10,0,0,0,0,60.0,1.0,FAIR,0.9,False,"[""\ud83d\udcca Room for safety improvement. Monitor driving patterns during busy periods."", ""\ud83d\udcc8 High event rate detected. Focus on anticipating traffic flow.""]"
driver_009_trip_008,driver_009,2026-03-04 17:13:22.162157,2026-03-04 17:58:22.162157,45.0,21.74,0.4831111111111111,21,0,0,0,0,28.0,0.4666666666666667,POOR,0.0,True,"[""\u26a0\ufe0f Safety concerns detected. Focus on smoother driving techniques."", ""Reduce speed and increase following distance to prevent harsh braking."", ""\ud83d\udcc8 High event rate detected. Focus on anticipating traffic flow.""]"
driver_007_trip_005,driver_007,2026-03-04 17:39:22.162157,2026-03-04 18:10:22.162157,31.0,31.59,1.0190322580645161,21,0,0,0,0,40.64516129032258,0.6774193548387096,POOR,0.32,True,"[""\u26a0\ufe0f Safety concerns detected. Focus on smoother driving techniques."", ""Reduce speed and increase following distance to prevent harsh braking."", ""\ud83d\udcc8 High event rate detected. Focus on anticipating traffic flow.""]"
driver_009_trip_020,driver_009,2026-03-04 17:58:22.162157,2026-03-04 19:04:22.162157,66.0,10.11,0.15318181818181817,10,0,0,0,0,9.090909090909092,0.15151515151515152,FAIR,0.0,True,"[""\ud83d\udcca Room for safety improvement. Monitor driving patterns during busy periods."", ""\ud83d\udc40 Moderate event rate. Increase situational awareness.""]"
driver_001_trip_013,driver_001,2026-03-04 19:38:22.162157,2026-03-04 20:51:22.162157,73.0,26.0,0.3561643835616438,12,0,0,0,0,9.863013698630137,0.1643835616438356,POOR,0.0,True,"[""\u26a0\ufe0f Safety concerns detected. Focus on smoother driving techniques."", ""Reduce speed and increase following distance to prevent harsh braking."", ""\ud83d\udc40 Moderate event rate. Increase situational awareness.""]"
driver_006_trip_014,driver_006,2026-03-04 22:00:22.162157,2026-03-04 23:39:22.162157,99.0,38.33,0.38717171717171717,35,0,0,0,0,21.21212121212121,0.35353535353535354,POOR,0.0,False,"[""\u26a0\ufe0f Safety concerns detected. Focus on smoother driving techniques."", ""Reduce speed and increase following distance to prevent harsh braking."", ""\ud83d\udcc8 High event rate detected. Focus on anticipating traffic flow."", ""\ud83d\udcb0 Consider driving during peak hours for higher earnings potential.""]"
driver_003_trip_003,driver_003,2026-03-04 23:15:22.162157,2026-03-05 00:15:22.162157,60.0,6.41,0.10683333333333334,26,0,0,0,0,26.0,0.43333333333333335,POOR,0.0,False,"[""\u26a0\ufe0f Safety concerns detected. Focus on smoother driving techniques."", ""Reduce speed and increase following distance to prevent harsh braking."", ""\ud83d\udcc8 High event rate detected. Focus on anticipating traffic flow."", ""\ud83d\udcb0 Consider driving during peak hours for higher earnings potential.""]"
driver_003_trip_017,driver_003,2026-03-04 23:26:22.162157,2026-03-05 01:20:22.162157,114.0,23.17,0.20324561403508773,21,0,0,0,0,11.052631578947368,0.18421052631578946,POOR,0.0,False,"[""\u26a0\ufe0f Safety concerns detected. Focus on smoother driving techniques."", ""Reduce speed and increase following distance to prevent harsh braking."", ""\ud83d\udcc8 High event rate detected. Focus on anticipating traffic flow."", ""\ud83d\udcb0 Consider driving during peak hours for higher earnings potential.""]"
driver_010_trip_006,driver_010,2026-03-05 00:13:22.162157,2026-03-05 01:08:22.162157,55.0,36.54,0.6643636363636364,10,0,0,0,0,10.90909090909091,0.18181818181818182,FAIR,0.11,False,"[""\ud83d\udcca Room for safety improvement. Monitor driving patterns during busy periods."", ""\ud83d\udcc8 High event rate detected. Focus on anticipating traffic flow.""]"
driver_005_trip_006,driver_005,2026-03-05 01:59:22.162157,2026-03-05 03:20:22.162157,81.0,40.34,0.49802469135802474,46,0,0,0,0,34.07407407407407,0.5679012345679012,POOR,0.0,False,"[""\u26a0\ufe0f Safety concerns detected. Focus on smoother driving techniques."", ""Reduce speed and increase following distance to prevent harsh braking."", ""\ud83d\udcc8 High event rate detected. Focus on anticipating traffic flow."", ""\ud83d\udcb0 Consider driving during peak hours for higher earnings potential.""]"
driver_008_trip_003,driver_008,2026-03-05 02:30:22.162157,2026-03-05 03:30:22.162157,60.0,39.1,0.6516666666666667,34,0,0,0,0,34.0,0.5666666666666667,POOR,0.1,False,"[""\u26a0\ufe0f Safety concerns detected. Focus on smoother driving techniques."", ""Reduce speed and increase following distance to prevent harsh braking."", ""\ud83d\udcc8 High event rate detected. Focus on anticipating traffic flow.""]"
driver_006_trip_013,driver_006,2026-03-05 02:37:22.162157,2026-03-05 03:52:22.162157,75.0,16.44,0.2192,23,0,0,0,0,18.4,0.30666666666666664,POOR,0.0,False,"[""\u26a0\ufe0f Safety concerns detected. Focus on smoother driving techniques."", ""Reduce speed and increase following distance to prevent harsh braking."", ""\ud83d\udcc8 High event rate detected. Focus on anticipating traffic flow."", ""\ud83d\udcb0 Consider driving during peak hours for higher earnings potential.""]"
driver_008_trip_014,driver_008,2026-03-05 02:38:22.162157,2026-03-05 02:59:22.162157,21.0,22.47,1.0699999999999998,21,0,0,0,0,60.0,1.0,POOR,0.34,False,"[""\u26a0\ufe0f Safety concerns detected. Focus on smoother driving techniques."", ""Reduce speed and increase following distance to prevent harsh braking."", ""\ud83d\udcc8 High event rate detected. Focus on anticipating traffic flow.""]"
driver_006_trip_010,driver_006,2026-03-05 04:47:22.162157,2026-03-05 06:42:22.162157,115.0,47.13,0.4098260869565218,36,0,0,0,0,18.782608695652176,0.3130434782608696,POOR,0.0,False,"[""\u26a0\ufe0f Safety concerns detected. Focus on smoother driving techniques."", ""Reduce speed and increase following distance to prevent harsh braking."", ""\ud83d\udcc8 High event rate detected. Focus on anticipating traffic flow."", ""\ud83d\udcb0 Consider driving during peak hours for higher earnings potential.""]"
driver_004_trip_014,driver_004,2026-03-05 05:14:22.162157,2026-03-05 07:08:22.162157,114.0,36.09,0.31657894736842107,33,0,0,0,0,17.36842105263158,0.2894736842105263,POOR,0.0,False,"[""\u26a0\ufe0f Safety concerns detected. Focus on smoother driving techniques."", ""Reduce speed and increase following distance to prevent harsh braking."", ""\ud83d\udcc8 High event rate detected. Focus on anticipating traffic flow."", ""\ud83d\udcb0 Consider driving during peak hours for higher earnings potential.""]"
driver_003_trip_018,driver_003,2026-03-05 05:24:22.162157,2026-03-05 06:31:22.162157,67.0,48.31,0.721044776119403,13,0,0,0,0,11.64179104477612,0.19402985074626866,POOR,0.14,False,"[""\u26a0\ufe0f Safety concerns detected. Focus on smoother driving techniques."", ""Reduce speed and increase following distance to prevent harsh braking."", ""\ud83d\udcc8 High event rate detected. Focus on anticipating traffic flow.""]"
driver_004_trip_009,driver_004,2026-03-05 06:41:22.162157,2026-03-05 07:06:22.162157,25.0,42.59,1.7036000000000002,11,0,0,0,0,26.4,0.44,POOR,0.77,False,"[""\u26a0\ufe0f Safety concerns detected. Focus on smoother driving techniques."", ""Reduce speed and increase following distance to prevent harsh braking."", ""\ud83d\udcc8 High event rate detected. Focus on anticipating traffic flow.""]"
driver_002_trip_012,driver_002,2026-03-05 08:18:22.162157,2026-03-05 08:35:22.162157,17.0,5.25,0.3088235294117647,13,0,0,0,0,45.882352941176464,0.7647058823529411,POOR,0.0,True,"[""\u26a0\ufe0f Safety concerns detected. Focus on smoother driving techniques."", ""Reduce speed and increase following distance to prevent harsh braking."", ""\ud83d\udcc8 High event rate detected. Focus on anticipating traffic flow.""]"
driver_001_trip_010,driver_001,2026-03-05 08:38:22.162157,2026-03-05 10:19:22.162157,101.0,48.82,0.48336633663366335,47,0,0,0,0,27.92079207920792,0.46534653465346537,POOR,0.0,True,"[""\u26a0\ufe0f Safety concerns detected. Focus on smoother driving techniques."", ""Reduce speed and increase following distance to prevent harsh braking."", ""\ud83d\udcc8 High event rate detected. Focus on anticipating traffic flow.""]"
driver_004_trip_020,driver_004,2026-03-05 08:40:22.162157,2026-03-05 08:50:22.162157,10.0,9.19,0.9189999999999999,19,0,0,0,0,114.0,1.9,POOR,0.23,True,"[""\u26a0\ufe0f Safety concerns detected. Focus on smoother driving techniques."", ""Reduce speed and increase following distance to prevent harsh braking."", ""\ud83d\udcc8 High event rate detected. Focus on anticipating traffic flow.""]"
driver_002_trip_010,driver_002,2026-03-05 08:53:22.162157,2026-03-05 09:47:22.162157,54.0,8.35,0.15462962962962962,12,0,0,0,0,13.333333333333332,0.2222222222222222,POOR,0.0,True,"[""\u26a0\ufe0f Safety concerns detected. Focus on smoother driving techniques."", ""Reduce speed and increase following distance to prevent harsh braking."", ""\ud83d\udcc8 High event rate detected. Focus on anticipating traffic flow.""]"
driver_009_trip_009,driver_009,2026-03-05 10:14:22.162157,2026-03-05 10:47:22.162157,33.0,44.02,1.333939393939394,11,0,0,0,0,20.0,0.3333333333333333,POOR,0.54,False,"[""\u26a0\ufe0f Safety concerns detected. Focus on smoother driving techniques."", ""Reduce speed and increase following distance to prevent harsh braking."", ""\ud83d\udcc8 High event rate detected. Focus on anticipating traffic flow.""]"
driver_006_trip_020,driver_006,2026-03-05 13:59:22.162157,2026-03-05 14:16:22.162157,17.0,36.59,2.1523529411764706,13,0,0,0,0,45.882352941176464,0.7647058823529411,POOR,0.92,False,"[""\u26a0\ufe0f Safety concerns detected. Focus on smoother driving techniques."", ""Reduce speed and increase following distance to prevent harsh braking."", ""\ud83d\udcc8 High event rate detected. Focus on anticipating traffic flow.""]"
driver_008_trip_015,driver_008,2026-03-05 14:58:22.162157,2026-03-05 15:40:22.162157,42.0,25.62,0.61,11,0,0,0,0,15.714285714285715,0.2619047619047619,POOR,0.07,False,"[""\u26a0\ufe0f Safety concerns detected. Focus on smoother driving techniques."", ""Reduce speed and increase following distance to prevent harsh braking."", ""\ud83d\udcc8 High event rate detected. Focus on anticipating traffic flow.""]"
driver_009_trip_007,driver_009,2026-03-05 16:15:22.162157,2026-03-05 16:48:22.162157,33.0,41.31,1.251818181818182,10,0,0,0,0,18.181818181818183,0.30303030303030304,FAIR,0.49,False,"[""\ud83d\udcca Room for safety improvement. Monitor driving patterns during busy periods."", ""\ud83d\udcc8 High event rate detected. Focus on anticipating traffic flow.""]"
driver_005_trip_008,driver_005,2026-03-05 17:08:22.162157,2026-03-05 18:46:22.162157,98.0,34.86,0.3557142857142857,11,0,0,0,0,6.73469387755102,0.11224489795918367,POOR,0.0,True,"[""\u26a0\ufe0f Safety concerns detected. Focus on smoother driving techniques."", ""Reduce speed and increase following distance to prevent harsh braking."", ""\ud83d\udc40 Moderate event rate. Increase situational awareness.""]"
driver_010_trip_008,driver_010,2026-03-05 19:12:22.162157,2026-03-05 20:27:22.162157,75.0,8.66,0.11546666666666666,36,0,0,0,0,28.799999999999997,0.48,POOR,0.0,True,"[""\u26a0\ufe0f Safety concerns detected. Focus on smoother driving techniques."", ""Reduce speed and increase following distance to prevent harsh braking."", ""\ud83d\udcc8 High event rate detected. Focus on anticipating traffic flow.""]"
driver_008_trip_016,driver_008,2026-03-05 20:09:22.162157,2026-03-05 21:01:22.162157,52.0,47.37,0.9109615384615384,25,0,0,0,0,28.846153846153847,0.4807692307692308,POOR,0.26,False,"[""\u26a0\ufe0f Safety concerns detected. Focus on smoother driving techniques."", ""Reduce speed and increase following distance to prevent harsh braking."", ""\ud83d\udcc8 High event rate detected. Focus on anticipating traffic flow.""]"
driver_008_trip_004,driver_008,2026-03-05 20:15:22.162157,2026-03-05 20:53:22.162157,38.0,10.22,0.26894736842105266,12,0,0,0,0,18.94736842105263,0.3157894736842105,POOR,0.0,False,"[""\u26a0\ufe0f Safety concerns detected. Focus on smoother driving techniques."", ""Reduce speed and increase following distance to prevent harsh braking."", ""\ud83d\udcc8 High event rate detected. Focus on anticipating traffic flow."", ""\ud83d\udcb0 Consider driving during peak hours for higher earnings potential.""]"
driver_003_trip_004,driver_003,2026-03-05 21:01:22.162157,2026-03-05 22:02:22.162157,61.0,30.35,0.4975409836065574,42,0,0,0,0,41.31147540983606,0.6885245901639344,POOR,0.0,False,"[""\u26a0\ufe0f Safety concerns detected. Focus on smoother driving techniques."", ""Reduce speed and increase following distance to prevent harsh braking."", ""\ud83d\udcc8 High event rate detected. Focus on anticipating traffic flow."", ""\ud83d\udcb0 Consider driving during peak hours for higher earnings potential.""]"
driver_006_trip_017,driver_006,2026-03-05 21:17:22.162157,2026-03-05 21:52:22.162157,35.0,41.46,1.1845714285714286,18,0,0,0,0,30.857142857142854,0.5142857142857142,POOR,0.43,False,"[""\u26a0\ufe0f Safety concerns detected. Focus on smoother driving techniques."", ""Reduce speed and increase following distance to prevent harsh braking."", ""\ud83d\udcc8 High event rate detected. Focus on anticipating traffic flow.""]"
driver_008_trip_012,driver_008,2026-03-05 21:50:22.162157,2026-03-05 23:19:22.162157,89.0,33.91,0.38101123595505615,47,0,0,0,0,31.685393258426963,0.5280898876404494,POOR,0.0,False,"[""\u26a0\ufe0f Safety concerns detected. Focus on smoother driving techniques."", ""Reduce speed and increase following distance to prevent harsh braking."", ""\ud83d\udcc8 High event rate detected. Focus on anticipating traffic flow."", ""\ud83d\udcb0 Consider driving during peak hours for higher earnings potential.""]"
driver_008_trip_009,driver_008,2026-03-05 22:00:22.162157,2026-03-05 23:01:22.162157,61.0,21.86,0.3583606557377049,24,0,0,0,0,23.606557377049178,0.39344262295081966,POOR,0.0,False,"[""\u26a0\ufe0f Safety concerns detected. Focus on smoother driving techniques."", ""Reduce speed and increase following distance to prevent harsh braking."", ""\ud83d\udcc8 High event rate detected. Focus on anticipating traffic flow."", ""\ud83d\udcb0 Consider driving during peak hours for higher earnings potential.""]"
driver_005_trip_010,driver_005,2026-03-05 22:20:22.162157,2026-03-05 23:04:22.162157,44.0,34.34,0.7804545454545455,13,0,0,0,0,17.727272727272727,0.29545454545454547,POOR,0.18,False,"[""\u26a0\ufe0f Safety concerns detected. Focus on smoother driving techniques."", ""Reduce speed and increase following distance to prevent harsh braking."", ""\ud83d\udcc8 High event rate detected. Focus on anticipating traffic flow.""]"
driver_009_trip_011,driver_009,2026-03-05 23:05:22.162157,2026-03-06 00:59:22.162157,114.0,22.0,0.19298245614035087,43,0,0,0,0,22.63157894736842,0.37719298245614036,POOR,0.0,False,"[""\u26a0\ufe0f Safety concerns detected. Focus on smoother driving techniques."", ""Reduce speed and increase following distance to prevent harsh braking."", ""\ud83d\udcc8 High event rate detected. Focus on anticipating traffic flow."", ""\ud83d\udcb0 Consider driving during peak hours for higher earnings potential.""]"
driver_004_trip_008,driver_004,2026-03-05 23:22:22.162157,2026-03-06 01:09:22.162157,107.0,33.51,0.3131775700934579,32,0,0,0,0,17.94392523364486,0.29906542056074764,POOR,0.0,False,"[""\u26a0\ufe0f Safety concerns detected. Focus on smoother driving techniques."", ""Reduce speed and increase following distance to prevent harsh braking."", ""\ud83d\udcc8 High event rate detected. Focus on anticipating traffic flow."", ""\ud83d\udcb0 Consider driving during peak hours for higher earnings potential.""]"
driver_005_trip_009,driver_005,2026-03-05 23:52:22.162157,2026-03-06 01:51:22.162157,119.0,29.69,0.24949579831932775,31,0,0,0,0,15.630252100840337,0.2605042016806723,POOR,0.0,False,"[""\u26a0\ufe0f Safety concerns detected. Focus on smoother driving techniques."", ""Reduce speed and increase following distance to prevent harsh braking."", ""\ud83d\udcc8 High event rate detected. Focus on anticipating traffic flow."", ""\ud83d\udcb0 Consider driving during peak hours for higher earnings potential.""]"
driver_001_trip_012,driver_001,2026-03-06 00:36:22.162157,2026-03-06 01:36:22.162157,60.0,22.21,0.3701666666666667,11,0,0,0,0,11.0,0.18333333333333332,POOR,0.0,False,"[""\u26a0\ufe0f Safety concerns detected. Focus on smoother driving techniques."", ""Reduce speed and increase following distance to prevent harsh braking."", ""\ud83d\udcc8 High event rate detected. Focus on anticipating traffic flow."", ""\ud83d\udcb0 Consider driving during peak hours for higher earnings potential.""]"
driver_010_trip_019,driver_010,2026-03-06 01:43:22.162157,2026-03-06 01:55:22.162157,12.0,31.25,2.6041666666666665,10,0,0,0,0,50.0,0.8333333333333334,FAIR,0.92,False,"[""\ud83d\udcca Room for safety improvement. Monitor driving patterns during busy periods."", ""\ud83d\udcc8 High event rate detected. Focus on anticipating traffic flow.""]"
driver_002_trip_016,driver_002,2026-03-06 02:15:22.162157,2026-03-06 03:12:22.162157,57.0,21.69,0.3805263157894737,36,0,0,0,0,37.89473684210526,0.631578947368421,POOR,0.0,False,"[""\u26a0\ufe0f Safety concerns detected. Focus on smoother driving techniques."", ""Reduce speed and increase following distance to prevent harsh braking."", ""\ud83d\udcc8 High event rate detected. Focus on anticipating traffic flow."", ""\ud83d\udcb0 Consider driving during peak hours for higher earnings potential.""]"
driver_007_trip_008,driver_007,2026-03-06 02:35:22.162157,2026-03-06 03:44:22.162157,69.0,14.71,0.21318840579710147,24,0,0,0,0,20.869565217391305,0.34782608695652173,POOR,0.0,False,"[""\u26a0\ufe0f Safety concerns detected. Focus on smoother driving techniques."", ""Reduce speed and increase following distance to prevent harsh braking."", ""\ud83d\udcc8 High event rate detected. Focus on anticipating traffic flow."", ""\ud83d\udcb0 Consider driving during peak hours for higher earnings potential.""]"
driver_001_trip_020,driver_001,2026-03-06 03:03:22.162157,2026-03-06 03:48:22.162157,45.0,13.2,0.29333333333333333,12,0,0,0,0,16.0,0.26666666666666666,POOR,0.0,False,"[""\u26a0\ufe0f Safety concerns detected. Focus on smoother driving techniques."", ""Reduce speed and increase following distance to prevent harsh braking."", ""\ud83d\udcc8 High event rate detected. Focus on anticipating traffic flow."", ""\ud83d\udcb0 Consider driving during peak hours for higher earnings potential.""]"
driver_006_trip_009,driver_006,2026-03-06 05:58:22.162157,2026-03-06 07:14:22.162157,76.0,12.63,0.1661842105263158,23,0,0,0,0,18.157894736842106,0.3026315789473684,POOR,0.0,False,"[""\u26a0\ufe0f Safety concerns detected. Focus on smoother driving techniques."", ""Reduce speed and increase following distance to prevent harsh braking."", ""\ud83d\udcc8 High event rate detected. Focus on anticipating traffic flow."", ""\ud83d\udcb0 Consider driving during peak hours for higher earnings potential.""]"
driver_005_trip_018,driver_005,2026-03-06 06:25:22.162157,2026-03-06 07:01:22.162157,36.0,40.77,1.1325,11,0,0,0,0,18.333333333333336,0.3055555555555556,POOR,0.41,False,"[""\u26a0\ufe0f Safety concerns detected. Focus on smoother driving techniques."", ""Reduce speed and increase following distance to prevent harsh braking."", ""\ud83d\udcc8 High event rate detected. Focus on anticipating traffic flow.""]"
driver_005_trip_017,driver_005,2026-03-06 07:47:22.162157,2026-03-06 08:47:22.162157,60.0,45.14,0.7523333333333333,34,0,0,0,0,34.0,0.5666666666666667,POOR,0.16,True,"[""\u26a0\ufe0f Safety concerns detected. Focus on smoother driving techniques."", ""Reduce speed and increase following distance to prevent harsh braking."", ""\ud83d\udcc8 High event rate detected. Focus on anticipating traffic flow.""]"
driver_009_trip_010,driver_009,2026-03-06 07:51:22.162157,2026-03-06 08:55:22.162157,64.0,38.79,0.60609375,25,0,0,0,0,23.4375,0.390625,POOR,0.07,True,"[""\u26a0\ufe0f Safety concerns detected. Focus on smoother driving techniques."", ""Reduce speed and increase following distance to prevent harsh braking."", ""\ud83d\udcc8 High event rate detected. Focus on anticipating traffic flow.""]"
driver_010_trip_013,driver_010,2026-03-06 08:37:22.162157,2026-03-06 09:05:22.162157,28.0,39.97,1.4275,22,0,0,0,0,47.14285714285714,0.7857142857142857,POOR,0.57,True,"[""\u26a0\ufe0f Safety concerns detected. Focus on smoother driving techniques."", ""Reduce speed and increase following distance to prevent harsh braking."", ""\ud83d\udcc8 High event rate detected. Focus on anticipating traffic flow.""]"
driver_004_trip_006,driver_004,2026-03-06 09:01:22.162157,2026-03-06 10:25:22.162157,84.0,21.63,0.2575,35,0,0,0,0,25.0,0.4166666666666667,POOR,0.0,True,"[""\u26a0\ufe0f Safety concerns detected. Focus on smoother driving techniques."", ""Reduce speed and increase following distance to prevent harsh braking."", ""\ud83d\udcc8 High event rate detected. Focus on anticipating traffic flow.""]"
driver_001_trip_014,driver_001,2026-03-06 09:47:22.162157,2026-03-06 10:47:22.162157,60.0,35.61,0.5935,22,0,0,0,0,22.0,0.36666666666666664,POOR,0.06,True,"[""\u26a0\ufe0f Safety concerns detected. Focus on smoother driving techniques."", ""Reduce speed and increase following distance to prevent harsh braking."", ""\ud83d\udcc8 High event rate detected. Focus on anticipating traffic flow.""]"
driver_003_trip_019,driver_003,2026-03-06 10:12:22.162157,2026-03-06 11:00:22.162157,48.0,27.38,0.5704166666666667,16,0,0,0,0,20.0,0.3333333333333333,POOR,0.05,False,"[""\u26a0\ufe0f Safety concerns detected. Focus on smoother driving techniques."", ""Reduce speed and increase following distance to prevent harsh braking."", ""\ud83d\udcc8 High event rate detected. Focus on anticipating traffic flow.""]"
driver_003_trip_010,driver_003,2026-03-06 10:58:22.162157,2026-03-06 12:31:22.162157,93.0,45.17,0.4856989247311828,25,0,0,0,0,16.129032258064516,0.26881720430107525,POOR,0.0,False,"[""\u26a0\ufe0f Safety concerns detected. Focus on smoother driving techniques."", ""Reduce speed and increase following distance to prevent harsh braking."", ""\ud83d\udcc8 High event rate detected. Focus on anticipating traffic flow."", ""\ud83d\udcb0 Consider driving during peak hours for higher earnings potential.""]"
driver_010_trip_017,driver_010,2026-03-06 12:20:22.162157,2026-03-06 13:27:22.162157,67.0,38.34,0.5722388059701493,13,0,0,0,0,11.64179104477612,0.19402985074626866,POOR,0.05,False,"[""\u26a0\ufe0f Safety concerns detected. Focus on smoother driving techniques."", ""Reduce speed and increase following distance to prevent harsh braking."", ""\ud83d\udcc8 High event rate detected. Focus on anticipating traffic flow.""]"
driver_002_trip_002,driver_002,2026-03-06 14:34:22.162157,2026-03-06 15:37:22.162157,63.0,6.41,0.10174603174603175,37,0,0,0,0,35.23809523809524,0.5873015873015873,POOR,0.0,False,"[""\u26a0\ufe0f Safety concerns detected. Focus on smoother driving techniques."", ""Reduce speed and increase following distance to prevent harsh braking."", ""\ud83d\udcc8 High event rate detected. Focus on anticipating traffic flow."", ""\ud83d\udcb0 Consider driving during peak hours for higher earnings potential.""]"
driver_007_trip_007,driver_007,2026-03-06 14:45:22.162157,2026-03-06 15:48:22.162157,63.0,29.17,0.46301587301587305,35,0,0,0,0,33.333333333333336,0.5555555555555556,POOR,0.0,False,"[""\u26a0\ufe0f Safety concerns detected. Focus on smoother driving techniques."", ""Reduce speed and increase following distance to prevent harsh braking."", ""\ud83d\udcc8 High event rate detected. Focus on anticipating traffic flow."", ""\ud83d\udcb0 Consider driving during peak hours for higher earnings potential.""]"
driver_006_trip_012,driver_006,2026-03-06 14:54:22.162157,2026-03-06 15:35:22.162157,41.0,35.2,0.8585365853658538,13,0,0,0,0,19.024390243902438,0.3170731707317073,POOR,0.23,False,"[""\u26a0\ufe0f Safety concerns detected. Focus on smoother driving techniques."", ""Reduce speed and increase following distance to prevent harsh braking."", ""\ud83d\udcc8 High event rate detected. Focus on anticipating traffic flow.""]"
driver_008_trip_018,driver_008,2026-03-06 15:44:22.162157,2026-03-06 16:36:22.162157,52.0,13.81,0.2655769230769231,13,0,0,0,0,15.0,0.25,POOR,0.0,False,"[""\u26a0\ufe0f Safety concerns detected. Focus on smoother driving techniques."", ""Reduce speed and increase following distance to prevent harsh braking."", ""\ud83d\udcc8 High event rate detected. Focus on anticipating traffic flow."", ""\ud83d\udcb0 Consider driving during peak hours for higher earnings potential.""]"
driver_009_trip_003,driver_009,2026-03-06 16:45:22.162157,2026-03-06 18:02:22.162157,77.0,36.18,0.4698701298701299,11,0,0,0,0,8.571428571428571,0.14285714285714285,POOR,0.0,False,"[""\u26a0\ufe0f Safety concerns detected. Focus on smoother driving techniques."", ""Reduce speed and increase following distance to prevent harsh braking."", ""\ud83d\udc40 Moderate event rate. Increase situational awareness."", ""\ud83d\udcb0 Consider driving during peak hours for higher earnings potential.""]"
driver_004_trip_018,driver_004,2026-03-06 18:12:22.162157,2026-03-06 19:03:22.162157,51.0,16.61,0.3256862745098039,34,0,0,0,0,40.0,0.6666666666666666,POOR,0.0,True,"[""\u26a0\ufe0f Safety concerns detected. Focus on smoother driving techniques."", ""Reduce speed and increase following distance to prevent harsh braking."", ""\ud83d\udcc8 High event rate detected. Focus on anticipating traffic flow.""]"
driver_008_trip_001,driver_008,2026-03-06 18:21:22.162157,2026-03-06 19:34:22.162157,73.0,29.95,0.41027397260273973,25,0,0,0,0,20.54794520547945,0.3424657534246575,POOR,0.0,True,"[""\u26a0\ufe0f Safety concerns detected. Focus on smoother driving techniques."", ""Reduce speed and increase following distance to prevent harsh braking."", ""\ud83d\udcc8 High event rate detected. Focus on anticipating traffic flow.""]"
driver_008_trip_019,driver_008,2026-03-06 18:58:22.162157,2026-03-06 20:42:22.162157,104.0,21.98,0.21134615384615385,56,0,0,0,0,32.30769230769231,0.5384615384615384,POOR,0.0,True,"[""\u26a0\ufe0f Safety concerns detected. Focus on smoother driving techniques."", ""Reduce speed and increase following distance to prevent harsh braking."", ""\ud83d\udcc8 High event rate detected. Focus on anticipating traffic flow.""]"
driver_007_trip_011,driver_007,2026-03-06 19:33:22.162157,2026-03-06 21:21:22.162157,108.0,33.68,0.3118518518518518,46,0,0,0,0,25.555555555555557,0.42592592592592593,POOR,0.0,True,"[""\u26a0\ufe0f Safety concerns detected. Focus on smoother driving techniques."", ""Reduce speed and increase following distance to prevent harsh braking."", ""\ud83d\udcc8 High event rate detected. Focus on anticipating traffic flow.""]"
driver_007_trip_004,driver_007,2026-03-06 19:37:22.162157,2026-03-06 20:11:22.162157,34.0,11.98,0.3523529411764706,26,0,0,0,0,45.882352941176464,0.7647058823529411,POOR,0.0,True,"[""\u26a0\ufe0f Safety concerns detected. Focus on smoother driving techniques."", ""Reduce speed and increase following distance to prevent harsh braking."", ""\ud83d\udcc8 High event rate detected. Focus on anticipating traffic flow.""]"
driver_009_trip_015,driver_009,2026-03-06 20:02:22.162157,2026-03-06 20:20:22.162157,18.0,19.37,1.0761111111111112,13,0,0,0,0,43.333333333333336,0.7222222222222222,POOR,0.36,False,"[""\u26a0\ufe0f Safety concerns detected. Focus on smoother driving techniques."", ""Reduce speed and increase following distance to prevent harsh braking."", ""\ud83d\udcc8 High event rate detected. Focus on anticipating traffic flow.""]"
driver_005_trip_007,driver_005,2026-03-06 20:30:22.162157,2026-03-06 22:03:22.162157,93.0,31.13,0.3347311827956989,22,0,0,0,0,14.193548387096776,0.23655913978494625,POOR,0.0,False,"[""\u26a0\ufe0f Safety concerns detected. Focus on smoother driving techniques."", ""Reduce speed and increase following distance to prevent harsh braking."", ""\ud83d\udcc8 High event rate detected. Focus on anticipating traffic flow."", ""\ud83d\udcb0 Consider driving during peak hours for higher earnings potential.""]"
driver_010_trip_016,driver_010,2026-03-06 21:39:22.162157,2026-03-06 22:01:22.162157,22.0,23.23,1.055909090909091,12,0,0,0,0,32.72727272727273,0.5454545454545454,POOR,0.35,False,"[""\u26a0\ufe0f Safety concerns detected. Focus on smoother driving techniques."", ""Reduce speed and increase following distance to prevent harsh braking."", ""\ud83d\udcc8 High event rate detected. Focus on anticipating traffic flow.""]"
driver_003_trip_015,driver_003,2026-03-07 00:04:22.162157,2026-03-07 00:50:22.162157,46.0,36.16,0.7860869565217391,22,0,0,0,0,28.695652173913043,0.4782608695652174,POOR,0.18,False,"[""\u26a0\ufe0f Safety concerns detected. Focus on smoother driving techniques."", ""Reduce speed and increase following distance to prevent harsh braking."", ""\ud83d\udcc8 High event rate detected. Focus on anticipating traffic flow.""]"
driver_008_trip_008,driver_008,2026-03-07 00:43:22.162157,2026-03-07 01:15:22.162157,32.0,7.16,0.22375,11,0,0,0,0,20.625,0.34375,POOR,0.0,False,"[""\u26a0\ufe0f Safety concerns detected. Focus on smoother driving techniques."", ""Reduce speed and increase following distance to prevent harsh braking."", ""\ud83d\udcc8 High event rate detected. Focus on anticipating traffic flow."", ""\ud83d\udcb0 Consider driving during peak hours for higher earnings potential.""]"
driver_007_trip_001,driver_007,2026-03-07 01:26:22.162157,2026-03-07 01:49:22.162157,23.0,45.05,1.958695652173913,38,0,0,0,0,99.1304347826087,1.6521739130434783,POOR,0.81,False,"[""\u26a0\ufe0f Safety concerns detected. Focus on smoother driving techniques."", ""Reduce speed and increase following distance to prevent harsh braking."", ""\ud83d\udcc8 High event rate detected. Focus on anticipating traffic flow.""]"
driver_005_trip_014,driver_005,2026-03-07 01:27:22.162157,2026-03-07 02:09:22.162157,42.0,29.41,0.7002380952380952,35,0,0,0,0,50.0,0.8333333333333334,POOR,0.12,False,"[""\u26a0\ufe0f Safety concerns detected. Focus on smoother driving techniques."", ""Reduce speed and increase following distance to prevent harsh braking."", ""\ud83d\udcc8 High event rate detected. Focus on anticipating traffic flow.""]"
driver_005_trip_004,driver_005,2026-03-07 01:30:22.162157,2026-03-07 02:03:22.162157,33.0,23.2,0.703030303030303,20,0,0,0,0,36.36363636363637,0.6060606060606061,POOR,0.13,False,"[""\u26a0\ufe0f Safety concerns detected. Focus on smoother driving techniques."", ""Reduce speed and increase following distance to prevent harsh braking."", ""\ud83d\udcc8 High event rate detected. Focus on anticipating traffic flow.""]"
driver_005_trip_001,driver_005,2026-03-07 02:19:22.162157,2026-03-07 03:05:22.162157,46.0,44.72,0.9721739130434782,11,0,0,0,0,14.347826086956522,0.2391304347826087,POOR,0.31,False,"[""\u26a0\ufe0f Safety concerns detected. Focus on smoother driving techniques."", ""Reduce speed and increase following distance to prevent harsh braking."", ""\ud83d\udcc8 High event rate detected. Focus on anticipating traffic flow.""]"
driver_003_trip_007,driver_003,2026-03-07 03:47:22.162157,2026-03-07 04:32:22.162157,45.0,47.43,1.054,24,0,0,0,0,32.0,0.5333333333333333,POOR,0.35,False,"[""\u26a0\ufe0f Safety concerns detected. Focus on smoother driving techniques."", ""Reduce speed and increase following distance to prevent harsh braking."", ""\ud83d\udcc8 High event rate detected. Focus on anticipating traffic flow.""]"
driver_006_trip_002,driver_006,2026-03-07 03:53:22.162157,2026-03-07 05:06:22.162157,73.0,34.05,0.4664383561643835,13,0,0,0,0,10.684931506849315,0.1780821917808219,POOR,0.0,False,"[""\u26a0\ufe0f Safety concerns detected. Focus on smoother driving techniques."", ""Reduce speed and increase following distance to prevent harsh braking."", ""\ud83d\udcc8 High event rate detected. Focus on anticipating traffic flow."", ""\ud83d\udcb0 Consider driving during peak hours for higher earnings potential.""]"
driver_004_trip_016,driver_004,2026-03-07 05:27:22.162157,2026-03-07 05:47:22.162157,20.0,20.35,1.0175,22,0,0,0,0,66.0,1.1,POOR,0.31,False,"[""\u26a0\ufe0f Safety concerns detected. Focus on smoother driving techniques."", ""Reduce speed and increase following distance to prevent harsh braking."", ""\ud83d\udcc8 High event rate detected. Focus on anticipating traffic flow.""]"
driver_007_trip_014,driver_007,2026-03-07 05:43:22.162157,2026-03-07 06:55:22.162157,72.0,24.51,0.3404166666666667,13,0,0,0,0,10.833333333333334,0.18055555555555555,POOR,0.0,False,"[""\u26a0\ufe0f Safety concerns detected. Focus on smoother driving techniques."", ""Reduce speed and increase following distance to prevent harsh braking."", ""\ud83d\udcc8 High event rate detected. Focus on anticipating traffic flow."", ""\ud83d\udcb0 Consider driving during peak hours for higher earnings potential.""]"
driver_002_trip_008,driver_002,2026-03-07 07:58:22.162157,2026-03-07 08:33:22.162157,35.0,48.44,1.384,26,0,0,0,0,44.57142857142857,0.7428571428571429,POOR,0.55,False,"[""\u26a0\ufe0f Safety concerns detected. Focus on smoother driving techniques."", ""Reduce speed and increase following distance to prevent harsh braking."", ""\ud83d\udcc8 High event rate detected. Focus on anticipating traffic flow.""]"
driver_005_trip_019,driver_005,2026-03-07 08:04:22.162157,2026-03-07 09:50:22.162157,106.0,30.96,0.2920754716981132,22,0,0,0,0,12.452830188679245,0.20754716981132076,POOR,0.0,False,"[""\u26a0\ufe0f Safety concerns detected. Focus on smoother driving techniques."", ""Reduce speed and increase following distance to prevent harsh braking."", ""\ud83d\udcc8 High event rate detected. Focus on anticipating traffic flow."", ""\ud83d\udcb0 Consider driving during peak hours for higher earnings potential.""]"
driver_009_trip_017,driver_009,2026-03-07 08:57:22.162157,2026-03-07 09:22:22.162157,25.0,25.18,1.0072,11,0,0,0,0,26.4,0.44,POOR,0.32,False,"[""\u26a0\ufe0f Safety concerns detected. Focus on smoother driving techniques."", ""Reduce speed and increase following distance to prevent harsh braking."", ""\ud83d\udcc8 High event rate detected. Focus on anticipating traffic flow.""]"
driver_003_trip_002,driver_003,2026-03-07 12:05:22.162157,2026-03-07 13:44:22.162157,99.0,6.14,0.06202020202020202,50,0,0,0,0,30.303030303030305,0.5050505050505051,POOR,0.0,True,"[""\u26a0\ufe0f Safety concerns detected. Focus on smoother driving techniques."", ""Reduce speed and increase following distance to prevent harsh braking."", ""\ud83d\udcc8 High event rate detected. Focus on anticipating traffic flow.""]"
driver_004_trip_004,driver_004,2026-03-07 12:43:22.162157,2026-03-07 13:36:22.162157,53.0,25.15,0.4745283018867924,40,0,0,0,0,45.28301886792453,0.7547169811320755,POOR,0.0,True,"[""\u26a0\ufe0f Safety concerns detected. Focus on smoother driving techniques."", ""Reduce speed and increase following distance to prevent harsh braking."", ""\ud83d\udcc8 High event rate detected. Focus on anticipating traffic flow.""]"
driver_007_trip_015,driver_007,2026-03-07 12:48:22.162157,2026-03-07 13:52:22.162157,64.0,16.29,0.25453125,31,0,0,0,0,29.0625,0.484375,POOR,0.0,True,"[""\u26a0\ufe0f Safety concerns detected. Focus on smoother driving techniques."", ""Reduce speed and increase following distance to prevent harsh braking."", ""\ud83d\udcc8 High event rate detected. Focus on anticipating traffic flow.""]"
driver_008_trip_005,driver_008,2026-03-07 12:59:22.162157,2026-03-07 13:55:22.162157,56.0,6.83,0.12196428571428572,21,0,0,0,0,22.5,0.375,POOR,0.0,True,"[""\u26a0\ufe0f Safety concerns detected. Focus on smoother driving techniques."", ""Reduce speed and increase following distance to prevent harsh braking."", ""\ud83d\udcc8 High event rate detected. Focus on anticipating traffic flow.""]"
driver_001_trip_002,driver_001,2026-03-07 13:02:22.162157,2026-03-07 14:12:22.162157,70.0,31.86,0.4551428571428571,21,0,0,0,0,18.0,0.3,POOR,0.0,True,"[""\u26a0\ufe0f Safety concerns detected. Focus on smoother driving techniques."", ""Reduce speed and increase following distance to prevent harsh braking."", ""\ud83d\udcc8 High event rate detected. Focus on anticipating traffic flow.""]"
driver_002_trip_013,driver_002,2026-03-07 14:09:22.162157,2026-03-07 15:39:22.162157,90.0,37.01,0.4112222222222222,22,0,0,0,0,14.666666666666666,0.24444444444444444,POOR,0.0,True,"[""\u26a0\ufe0f Safety concerns detected. Focus on smoother driving techniques."", ""Reduce speed and increase following distance to prevent harsh braking."", ""\ud83d\udcc8 High event rate detected. Focus on anticipating traffic flow.""]"
driver_010_trip_014,driver_010,2026-03-07 14:52:22.162157,2026-03-07 15:40:22.162157,48.0,24.09,0.501875,12,0,0,0,0,15.0,0.25,POOR,0.0,True,"[""\u26a0\ufe0f Safety concerns detected. Focus on smoother driving techniques."", ""Reduce speed and increase following distance to prevent harsh braking."", ""\ud83d\udcc8 High event rate detected. Focus on anticipating traffic flow.""]"
driver_001_trip_015,driver_001,2026-03-07 16:24:22.162157,2026-03-07 16:37:22.162157,13.0,47.4,3.646153846153846,11,0,0,0,0,50.76923076923077,0.8461538461538461,POOR,0.92,True,"[""\u26a0\ufe0f Safety concerns detected. Focus on smoother driving techniques."", ""Reduce speed and increase following distance to prevent harsh braking."", ""\ud83d\udcc8 High event rate detected. Focus on anticipating traffic flow.""]"
driver_003_trip_011,driver_003,2026-03-07 17:21:22.162157,2026-03-07 19:02:22.162157,101.0,21.03,0.20821782178217824,25,0,0,0,0,14.85148514851485,0.24752475247524752,POOR,0.0,True,"[""\u26a0\ufe0f Safety concerns detected. Focus on smoother driving techniques."", ""Reduce speed and increase following distance to prevent harsh braking."", ""\ud83d\udcc8 High event rate detected. Focus on anticipating traffic flow.""]"
driver_010_trip_009,driver_010,2026-03-07 18:52:22.162157,2026-03-07 20:24:22.162157,92.0,31.16,0.33869565217391306,36,0,0,0,0,23.47826086956522,0.391304347826087,POOR,0.0,True,"[""\u26a0\ufe0f Safety concerns detected. Focus on smoother driving techniques."", ""Reduce speed and increase following distance to prevent harsh braking."", ""\ud83d\udcc8 High event rate detected. Focus on anticipating traffic flow.""]"
driver_001_trip_004,driver_001,2026-03-07 19:29:22.162157,2026-03-07 21:06:22.162157,97.0,20.02,0.2063917525773196,22,0,0,0,0,13.608247422680412,0.2268041237113402,POOR,0.0,True,"[""\u26a0\ufe0f Safety concerns detected. Focus on smoother driving techniques."", ""Reduce speed and increase following distance to prevent harsh braking."", ""\ud83d\udcc8 High event rate detected. Focus on anticipating traffic flow.""]"
driver_009_trip_019,driver_009,2026-03-07 19:39:22.162157,2026-03-07 21:28:22.162157,109.0,47.58,0.4365137614678899,10,0,0,0,0,5.5045871559633035,0.09174311926605505,FAIR,0.0,True,"[""\ud83d\udcca Room for safety improvement. Monitor driving patterns during busy periods."", ""\ud83d\udc40 Moderate event rate. Increase situational awareness.""]"
driver_009_trip_004,driver_009,2026-03-07 22:16:22.162157,2026-03-08 00:14:22.162157,118.0,47.15,0.3995762711864407,24,0,0,0,0,12.203389830508476,0.2033898305084746,POOR,0.0,True,"[""\u26a0\ufe0f Safety concerns detected. Focus on smoother driving techniques."", ""Reduce speed and increase following distance to prevent harsh braking."", ""\ud83d\udcc8 High event rate detected. Focus on anticipating traffic flow.""]"
driver_004_trip_015,driver_004,2026-03-07 22:30:22.162157,2026-03-07 23:18:22.162157,48.0,47.15,0.9822916666666667,11,0,0,0,0,13.75,0.22916666666666666,POOR,0.31,True,"[""\u26a0\ufe0f Safety concerns detected. Focus on smoother driving techniques."", ""Reduce speed and increase following distance to prevent harsh braking."", ""\ud83d\udcc8 High event rate detected. Focus on anticipating traffic flow.""]"
driver_002_trip_014,driver_002,2026-03-08 00:43:22.162157,2026-03-08 02:38:22.162157,115.0,21.13,0.1837391304347826,31,0,0,0,0,16.17391304347826,0.26956521739130435,POOR,0.0,False,"[""\u26a0\ufe0f Safety concerns detected. Focus on smoother driving techniques."", ""Reduce speed and increase following distance to prevent harsh braking."", ""\ud83d\udcc8 High event rate detected. Focus on anticipating traffic flow."", ""\ud83d\udcb0 Consider driving during peak hours for higher earnings potential.""]"
driver_007_trip_003,driver_007,2026-03-08 01:10:22.162157,2026-03-08 02:46:22.162157,96.0,35.24,0.3670833333333334,21,0,0,0,0,13.125,0.21875,POOR,0.0,False,"[""\u26a0\ufe0f Safety concerns detected. Focus on smoother driving techniques."", ""Reduce speed and increase following distance to prevent harsh braking."", ""\ud83d\udcc8 High event rate detected. Focus on anticipating traffic flow."", ""\ud83d\udcb0 Consider driving during peak hours for higher earnings potential.""]"
driver_010_trip_015,driver_010,2026-03-08 02:08:22.162157,2026-03-08 02:36:22.162157,28.0,10.0,0.35714285714285715,11,0,0,0,0,23.57142857142857,0.39285714285714285,POOR,0.0,False,"[""\u26a0\ufe0f Safety concerns detected. Focus on smoother driving techniques."", ""Reduce speed and increase following distance to prevent harsh braking."", ""\ud83d\udcc8 High event rate detected. Focus on anticipating traffic flow."", ""\ud83d\udcb0 Consider driving during peak hours for higher earnings potential.""]"
driver_005_trip_013,driver_005,2026-03-08 02:46:22.162157,2026-03-08 03:03:22.162157,17.0,43.22,2.5423529411764707,25,0,0,0,0,88.23529411764707,1.4705882352941178,POOR,0.85,False,"[""\u26a0\ufe0f Safety concerns detected. Focus on smoother driving techniques."", ""Reduce speed and increase following distance to prevent harsh braking."", ""\ud83d\udcc8 High event rate detected. Focus on anticipating traffic flow.""]"
driver_003_trip_005,driver_003,2026-03-08 02:50:22.162157,2026-03-08 04:33:22.162157,103.0,11.27,0.10941747572815534,15,0,0,0,0,8.737864077669903,0.14563106796116504,POOR,0.0,False,"[""\u26a0\ufe0f Safety concerns detected. Focus on smoother driving techniques."", ""Reduce speed and increase following distance to prevent harsh braking."", ""\ud83d\udc40 Moderate event rate. Increase situational awareness."", ""\ud83d\udcb0 Consider driving during peak hours for higher earnings potential.""]"
driver_002_trip_015,driver_002,2026-03-08 05:35:22.162157,2026-03-08 06:12:22.162157,37.0,43.84,1.184864864864865,11,0,0,0,0,17.83783783783784,0.2972972972972973,POOR,0.44,False,"[""\u26a0\ufe0f Safety concerns detected. Focus on smoother driving techniques."", ""Reduce speed and increase following distance to prevent harsh braking."", ""\ud83d\udcc8 High event rate detected. Focus on anticipating traffic flow.""]"
driver_001_trip_003,driver_001,2026-03-08 06:56:22.162157,2026-03-08 08:28:22.162157,92.0,9.5,0.10326086956521739,44,0,0,0,0,28.695652173913043,0.4782608695652174,POOR,0.0,False,"[""\u26a0\ufe0f Safety concerns detected. Focus on smoother driving techniques."", ""Reduce speed and increase following distance to prevent harsh braking."", ""\ud83d\udcc8 High event rate detected. Focus on anticipating traffic flow."", ""\ud83d\udcb0 Consider driving during peak hours for higher earnings potential.""]"
driver_004_trip_019,driver_004,2026-03-08 07:18:22.162157,2026-03-08 08:57:22.162157,99.0,49.2,0.496969696969697,46,0,0,0,0,27.87878787878788,0.46464646464646464,POOR,0.0,False,"[""\u26a0\ufe0f Safety concerns detected. Focus on smoother driving techniques."", ""Reduce speed and increase following distance to prevent harsh braking."", ""\ud83d\udcc8 High event rate detected. Focus on anticipating traffic flow."", ""\ud83d\udcb0 Consider driving during peak hours for higher earnings potential.""]"
driver_010_trip_007,driver_010,2026-03-08 07:44:22.162157,2026-03-08 08:02:22.162157,18.0,41.98,2.332222222222222,10,0,0,0,0,33.333333333333336,0.5555555555555556,FAIR,0.94,False,"[""\ud83d\udcca Room for safety improvement. Monitor driving patterns during busy periods."", ""\ud83d\udcc8 High event rate detected. Focus on anticipating traffic flow.""]"
driver_002_trip_009,driver_002,2026-03-08 08:02:22.162157,2026-03-08 10:00:22.162157,118.0,11.34,0.09610169491525423,47,0,0,0,0,23.89830508474576,0.3983050847457627,POOR,0.0,False,"[""\u26a0\ufe0f Safety concerns detected. Focus on smoother driving techniques."", ""Reduce speed and increase following distance to prevent harsh braking."", ""\ud83d\udcc8 High event rate detected. Focus on anticipating traffic flow."", ""\ud83d\udcb0 Consider driving during peak hours for higher earnings potential.""]"
driver_003_trip_006,driver_003,2026-03-08 08:45:22.162157,2026-03-08 10:43:22.162157,118.0,29.29,0.24822033898305085,35,0,0,0,0,17.796610169491526,0.2966101694915254,POOR,0.0,False,"[""\u26a0\ufe0f Safety concerns detected. Focus on smoother driving techniques."", ""Reduce speed and increase following distance to prevent harsh braking."", ""\ud83d\udcc8 High event rate detected. Focus on anticipating traffic flow."", ""\ud83d\udcb0 Consider driving during peak hours for higher earnings potential.""]"
driver_001_trip_008,driver_001,2026-03-08 09:07:22.162157,2026-03-08 11:04:22.162157,117.0,6.04,0.051623931623931626,23,0,0,0,0,11.794871794871794,0.19658119658119658,POOR,0.0,False,"[""\u26a0\ufe0f Safety concerns detected. Focus on smoother driving techniques."", ""Reduce speed and increase following distance to prevent harsh braking."", ""\ud83d\udcc8 High event rate detected. Focus on anticipating traffic flow."", ""\ud83d\udcb0 Consider driving during peak hours for higher earnings potential.""]"
driver_001_trip_007,driver_001,2026-03-08 09:31:22.162157,2026-03-08 10:13:22.162157,42.0,18.69,0.445,12,0,0,0,0,17.142857142857142,0.2857142857142857,POOR,0.0,False,"[""\u26a0\ufe0f Safety concerns detected. Focus on smoother driving techniques."", ""Reduce speed and increase following distance to prevent harsh braking."", ""\ud83d\udcc8 High event rate detected. Focus on anticipating traffic flow."", ""\ud83d\udcb0 Consider driving during peak hours for higher earnings potential.""]"
driver_004_trip_003,driver_004,2026-03-08 11:19:22.162157,2026-03-08 11:47:22.162157,28.0,35.63,1.2725000000000002,36,0,0,0,0,77.14285714285715,1.2857142857142858,POOR,0.45,True,"[""\u26a0\ufe0f Safety concerns detected. Focus on smoother driving techniques."", ""Reduce speed and increase following distance to prevent harsh braking."", ""\ud83d\udcc8 High event rate detected. Focus on anticipating traffic flow.""]"
driver_010_trip_002,driver_010,2026-03-08 11:32:22.162157,2026-03-08 13:16:22.162157,104.0,7.51,0.07221153846153847,61,0,0,0,0,35.19230769230769,0.5865384615384616,POOR,0.0,True,"[""\u26a0\ufe0f Safety concerns detected. Focus on smoother driving techniques."", ""Reduce speed and increase following distance to prevent harsh braking."", ""\ud83d\udcc8 High event rate detected. Focus on anticipating traffic flow.""]"
driver_004_trip_012,driver_004,2026-03-08 11:37:22.162157,2026-03-08 13:16:22.162157,99.0,28.04,0.2832323232323232,48,0,0,0,0,29.090909090909093,0.48484848484848486,POOR,0.0,True,"[""\u26a0\ufe0f Safety concerns detected. Focus on smoother driving techniques."", ""Reduce speed and increase following distance to prevent harsh braking."", ""\ud83d\udcc8 High event rate detected. Focus on anticipating traffic flow.""]"
driver_007_trip_002,driver_007,2026-03-08 12:45:22.162157,2026-03-08 13:09:22.162157,24.0,21.9,0.9125,37,0,0,0,0,92.5,1.5416666666666667,POOR,0.23,True,"[""\u26a0\ufe0f Safety concerns detected. Focus on smoother driving techniques."", ""Reduce speed and increase following distance to prevent harsh braking."", ""\ud83d\udcc8 High event rate detected. Focus on anticipating traffic flow.""]"
driver_004_trip_017,driver_004,2026-03-08 12:47:22.162157,2026-03-08 13:46:22.162157,59.0,46.61,0.79,33,0,0,0,0,33.559322033898304,0.559322033898305,POOR,0.18,True,"[""\u26a0\ufe0f Safety concerns detected. Focus on smoother driving techniques."", ""Reduce speed and increase following distance to prevent harsh braking."", ""\ud83d\udcc8 High event rate detected. Focus on anticipating traffic flow.""]"
driver_008_trip_006,driver_008,2026-03-08 12:48:22.162157,2026-03-08 13:45:22.162157,57.0,41.31,0.7247368421052632,28,0,0,0,0,29.473684210526315,0.49122807017543857,POOR,0.14,True,"[""\u26a0\ufe0f Safety concerns detected. Focus on smoother driving techniques."", ""Reduce speed and increase following distance to prevent harsh braking."", ""\ud83d\udcc8 High event rate detected. Focus on anticipating traffic flow.""]"
driver_003_trip_013,driver_003,2026-03-08 15:27:22.162157,2026-03-08 16:53:22.162157,86.0,43.73,0.5084883720930232,11,0,0,0,0,7.674418604651163,0.12790697674418605,POOR,0.01,True,"[""\u26a0\ufe0f Safety concerns detected. Focus on smoother driving techniques."", ""Reduce speed and increase following distance to prevent harsh braking."", ""\ud83d\udc40 Moderate event rate. Increase situational awareness.""]"
driver_002_trip_003,driver_002,2026-03-08 17:04:22.162157,2026-03-08 17:57:22.162157,53.0,47.28,0.8920754716981132,35,0,0,0,0,39.62264150943396,0.660377358490566,POOR,0.24,True,"[""\u26a0\ufe0f Safety concerns detected. Focus on smoother driving techniques."", ""Reduce speed and increase following distance to prevent harsh braking."", ""\ud83d\udcc8 High event rate detected. Focus on anticipating traffic flow.""]"
driver_005_trip_016,driver_005,2026-03-08 17:24:22.162157,2026-03-08 18:03:22.162157,39.0,48.79,1.251025641025641,24,0,0,0,0,36.92307692307693,0.6153846153846154,POOR,0.47,True,"[""\u26a0\ufe0f Safety concerns detected. Focus on smoother driving techniques."", ""Reduce speed and increase following distance to prevent harsh braking."", ""\ud83d\udcc8 High event rate detected. Focus on anticipating traffic flow.""]"
driver_008_trip_010,driver_008,2026-03-08 17:36:22.162157,2026-03-08 18:04:22.162157,28.0,27.64,0.9871428571428572,12,0,0,0,0,25.71428571428571,0.42857142857142855,POOR,0.31,True,"[""\u26a0\ufe0f Safety concerns detected. Focus on smoother driving techniques."", ""Reduce speed and increase following distance to prevent harsh braking."", ""\ud83d\udcc8 High event rate detected. Focus on anticipating traffic flow.""]"
driver_001_trip_006,driver_001,2026-03-08 18:20:22.162157,2026-03-08 18:31:22.162157,11.0,13.18,1.1981818181818182,13,0,0,0,0,70.9090909090909,1.1818181818181819,POOR,0.41,True,"[""\u26a0\ufe0f Safety concerns detected. Focus on smoother driving techniques."", ""Reduce speed and increase following distance to prevent harsh braking."", ""\ud83d\udcc8 High event rate detected. Focus on anticipating traffic flow.""]"
driver_008_trip_002,driver_008,2026-03-08 19:15:22.162157,2026-03-08 20:31:22.162157,76.0,16.15,0.2125,24,0,0,0,0,18.94736842105263,0.3157894736842105,POOR,0.0,True,"[""\u26a0\ufe0f Safety concerns detected. Focus on smoother driving techniques."", ""Reduce speed and increase following distance to prevent harsh braking."", ""\ud83d\udcc8 High event rate detected. Focus on anticipating traffic flow.""]"
driver_001_trip_017,driver_001,2026-03-08 19:52:22.162157,2026-03-08 21:25:22.162157,93.0,15.85,0.17043010752688173,26,0,0,0,0,16.774193548387096,0.27956989247311825,POOR,0.0,True,"[""\u26a0\ufe0f Safety concerns detected. Focus on smoother driving techniques."", ""Reduce speed and increase following distance to prevent harsh braking."", ""\ud83d\udcc8 High event rate detected. Focus on anticipating traffic flow.""]"
driver_001_trip_018,driver_001,2026-03-08 20:50:22.162157,2026-03-08 22:10:22.162157,80.0,32.45,0.405625,36,0,0,0,0,27.0,0.45,POOR,0.0,True,"[""\u26a0\ufe0f Safety concerns detected. Focus on smoother driving techniques."", ""Reduce speed and increase following distance to prevent harsh braking."", ""\ud83d\udcc8 High event rate detected. Focus on anticipating traffic flow.""]"
driver_005_trip_002,driver_005,2026-03-08 21:49:22.162157,2026-03-08 22:07:22.162157,18.0,17.55,0.9750000000000001,23,0,0,0,0,76.66666666666666,1.2777777777777777,POOR,0.28,True,"[""\u26a0\ufe0f Safety concerns detected. Focus on smoother driving techniques."", ""Reduce speed and increase following distance to prevent harsh braking."", ""\ud83d\udcc8 High event rate detected. Focus on anticipating traffic flow.""]"
driver_009_trip_006,driver_009,2026-03-08 21:55:22.162157,2026-03-08 22:40:22.162157,45.0,12.98,0.28844444444444445,12,0,0,0,0,16.0,0.26666666666666666,POOR,0.0,True,"[""\u26a0\ufe0f Safety concerns detected. Focus on smoother driving techniques."", ""Reduce speed and increase following distance to prevent harsh braking."", ""\ud83d\udcc8 High event rate detected. Focus on anticipating traffic flow.""]"
driver_010_trip_005,driver_010,2026-03-08 23:12:22.162157,2026-03-09 00:19:22.162157,67.0,32.82,0.4898507462686567,50,0,0,0,1,44.776119402985074,0.730679104477612,POOR,0.0,False,"[""\u26a0\ufe0f Safety concerns detected. Focus on smoother driving techniques."", ""Reduce speed and increase following distance to prevent harsh braking."", ""\ud83d\udcc8 High event rate detected. Focus on anticipating traffic flow."", ""\ud83d\udcb0 Consider driving during peak hours for higher earnings potential.""]"
driver_009_trip_018,driver_009,2026-03-08 23:37:22.162157,2026-03-08 23:58:22.162157,21.0,19.79,0.9423809523809523,38,0,0,0,1,108.57142857142857,1.7597857142857143,POOR,0.24,False,"[""\u26a0\ufe0f Safety concerns detected. Focus on smoother driving techniques."", ""Reduce speed and increase following distance to prevent harsh braking."", ""\ud83d\udcc8 High event rate detected. Focus on anticipating traffic flow.""]"
driver_001_trip_001,driver_001,2026-03-08 23:41:22.162157,2026-03-09 00:42:22.162157,61.0,47.78,0.7832786885245901,31,0,0,0,1,30.491803278688526,0.4910737704918033,POOR,0.18,False,"[""\u26a0\ufe0f Safety concerns detected. Focus on smoother driving techniques."", ""Reduce speed and increase following distance to prevent harsh braking."", ""\ud83d\udcc8 High event rate detected. Focus on anticipating traffic flow.""]"
driver_003_trip_020,driver_003,2026-03-08 23:51:22.162157,2026-03-09 01:41:22.162157,110.0,17.82,0.162,34,0,0,0,0,18.545454545454547,0.3090909090909091,POOR,0.0,False,"[""\u26a0\ufe0f Safety concerns detected. Focus on smoother driving techniques."", ""Reduce speed and increase following distance to prevent harsh braking."", ""\ud83d\udcc8 High event rate detected. Focus on anticipating traffic flow."", ""\ud83d\udcb0 Consider driving during peak hours for higher earnings potential.""]"
driver_010_trip_003,driver_010,2026-03-09 00:41:22.162157,2026-03-09 02:17:22.162157,96.0,29.57,0.30802083333333335,44,0,0,0,0,27.5,0.4583333333333333,POOR,0.0,False,"[""\u26a0\ufe0f Safety concerns detected. Focus on smoother driving techniques."", ""Reduce speed and increase following distance to prevent harsh braking."", ""\ud83d\udcc8 High event rate detected. Focus on anticipating traffic flow."", ""\ud83d\udcb0 Consider driving during peak hours for higher earnings potential.""]"
driver_006_trip_016,driver_006,2026-03-09 00:54:22.162157,2026-03-09 01:42:22.162157,48.0,18.21,0.379375,10,0,0,0,0,12.5,0.20833333333333334,FAIR,0.0,False,"[""\ud83d\udcca Room for safety improvement. Monitor driving patterns during busy periods."", ""\ud83d\udcc8 High event rate detected. Focus on anticipating traffic flow."", ""\ud83d\udcb0 Consider driving during peak hours for higher earnings potential.""]"
driver_003_trip_012,driver_003,2026-03-09 01:43:22.162157,2026-03-09 01:53:22.162157,10.0,15.26,1.526,11,0,0,0,0,66.0,1.1,POOR,0.61,False,"[""\u26a0\ufe0f Safety concerns detected. Focus on smoother driving techniques."", ""Reduce speed and increase following distance to prevent harsh braking."", ""\ud83d\udcc8 High event rate detected. Focus on anticipating traffic flow.""]"
driver_007_trip_020,driver_007,2026-03-09 01:55:22.162157,2026-03-09 02:05:22.162157,10.0,47.97,4.797,11,0,0,0,0,66.0,1.1,POOR,0.89,False,"[""\u26a0\ufe0f Safety concerns detected. Focus on smoother driving techniques."", ""Reduce speed and increase following distance to prevent harsh braking."", ""\ud83d\udcc8 High event rate detected. Focus on anticipating traffic flow.""]"
driver_007_trip_006,driver_007,2026-03-09 03:40:22.162157,2026-03-09 04:38:22.162157,58.0,6.68,0.11517241379310345,55,0,0,0,0,56.89655172413793,0.9482758620689655,POOR,0.0,False,"[""\u26a0\ufe0f Safety concerns detected. Focus on smoother driving techniques."", ""Reduce speed and increase following distance to prevent harsh braking."", ""\ud83d\udcc8 High event rate detected. Focus on anticipating traffic flow."", ""\ud83d\udcb0 Consider driving during peak hours for higher earnings potential.""]"
driver_003_trip_014,driver_003,2026-03-09 03:57:22.162157,2026-03-09 05:16:22.162157,79.0,27.98,0.35417721518987344,43,0,0,0,0,32.65822784810127,0.5443037974683544,POOR,0.0,False,"[""\u26a0\ufe0f Safety concerns detected. Focus on smoother driving techniques."", ""Reduce speed and increase following distance to prevent harsh braking."", ""\ud83d\udcc8 High event rate detected. Focus on anticipating traffic flow."", ""\ud83d\udcb0 Consider driving during peak hours for higher earnings potential.""]"
driver_009_trip_005,driver_009,2026-03-09 04:14:22.162157,2026-03-09 04:59:22.162157,45.0,23.81,0.5291111111111111,32,0,0,0,0,42.66666666666667,0.7111111111111111,POOR,0.02,False,"[""\u26a0\ufe0f Safety concerns detected. Focus on smoother driving techniques."", ""Reduce speed and increase following distance to prevent harsh braking."", ""\ud83d\udcc8 High event rate detected. Focus on anticipating traffic flow.""]"
driver_002_trip_001,driver_002,2026-03-09 04:26:22.162157,2026-03-09 04:37:22.162157,11.0,24.13,2.1936363636363634,22,0,0,0,0,120.0,2.0,POOR,0.8,False,"[""\u26a0\ufe0f Safety concerns detected. Focus on smoother driving techniques."", ""Reduce speed and increase following distance to prevent harsh braking."", ""\ud83d\udcc8 High event rate detected. Focus on anticipating traffic flow.""]"
driver_007_trip_017,driver_007,2026-03-09 04:31:22.162157,2026-03-09 04:52:22.162157,21.0,23.4,1.1142857142857143,10,0,0,0,0,28.57142857142857,0.47619047619047616,FAIR,0.39,False,"[""\ud83d\udcca Room for safety improvement. Monitor driving patterns during busy periods."", ""\ud83d\udcc8 High event rate detected. Focus on anticipating traffic flow.""]"
driver_002_trip_005,driver_002,2026-03-09 05:40:22.162157,2026-03-09 07:16:22.162157,96.0,28.44,0.29625,10,0,0,0,0,6.25,0.10416666666666667,FAIR,0.0,False,"[""\ud83d\udcca Room for safety improvement. Monitor driving patterns during busy periods."", ""\ud83d\udc40 Moderate event rate. Increase situational awareness."", ""\ud83d\udcb0 Consider driving during peak hours for higher earnings potential.""]"
driver_007_trip_019,driver_007,2026-03-09 08:36:22.162157,2026-03-09 09:33:22.162157,57.0,13.23,0.23210526315789473,17,0,0,0,0,17.894736842105264,0.2982456140350877,POOR,0.0,True,"[""\u26a0\ufe0f Safety concerns detected. Focus on smoother driving techniques."", ""Reduce speed and increase following distance to prevent harsh braking."", ""\ud83d\udcc8 High event rate detected. Focus on anticipating traffic flow.""]"
driver_010_trip_001,driver_010,2026-03-09 09:31:22.162157,2026-03-09 10:22:22.162157,51.0,48.84,0.9576470588235295,24,0,0,0,0,28.235294117647058,0.47058823529411764,POOR,0.29,True,"[""\u26a0\ufe0f Safety concerns detected. Focus on smoother driving techniques."", ""Reduce speed and increase following distance to prevent harsh braking."", ""\ud83d\udcc8 High event rate detected. Focus on anticipating traffic flow.""]"
driver_002_trip_006,driver_002,2026-03-09 09:40:22.162157,2026-03-09 10:29:22.162157,49.0,43.0,0.8775510204081632,15,0,0,0,0,18.367346938775512,0.30612244897959184,POOR,0.24,True,"[""\u26a0\ufe0f Safety concerns detected. Focus on smoother driving techniques."", ""Reduce speed and increase following distance to prevent harsh braking."", ""\ud83d\udcc8 High event rate detected. Focus on anticipating traffic flow.""]"
driver_002_trip_007,driver_002,2026-03-09 10:27:22.162157,2026-03-09 11:58:22.162157,91.0,29.29,0.32186813186813185,61,0,0,0,0,40.21978021978022,0.6703296703296703,POOR,0.0,False,"[""\u26a0\ufe0f Safety concerns detected. Focus on smoother driving techniques."", ""Reduce speed and increase following distance to prevent harsh braking."", ""\ud83d\udcc8 High event rate detected. Focus on anticipating traffic flow."", ""\ud83d\udcb0 Consider driving during peak hours for higher earnings potential.""]"
driver_007_trip_012,driver_007,2026-03-09 11:38:22.162157,2026-03-09 12:03:22.162157,25.0,48.91,1.9564,64,0,0,0,0,153.6,2.56,POOR,0.72,False,"[""\u26a0\ufe0f Safety concerns detected. Focus on smoother driving techniques."", ""Reduce speed and increase following distance to prevent harsh braking."", ""\ud83d\udcc8 High event rate detected. Focus on anticipating traffic flow.""]"
driver_006_trip_019,driver_006,2026-03-09 11:43:22.162157,2026-03-09 12:28:22.162157,45.0,40.92,0.9093333333333333,60,0,0,0,0,80.0,1.3333333333333333,POOR,0.24,False,"[""\u26a0\ufe0f Safety concerns detected. Focus on smoother driving techniques."", ""Reduce speed and increase following distance to prevent harsh braking."", ""\ud83d\udcc8 High event rate detected. Focus on anticipating traffic flow.""]"
driver_006_trip_001,driver_006,2026-03-09 11:47:22.162157,2026-03-09 12:44:22.162157,57.0,17.63,0.30929824561403507,50,0,0,0,0,52.63157894736842,0.8771929824561403,POOR,0.0,False,"[""\u26a0\ufe0f Safety concerns detected. Focus on smoother driving techniques."", ""Reduce speed and increase following distance to prevent harsh braking."", ""\ud83d\udcc8 High event rate detected. Focus on anticipating traffic flow."", ""\ud83d\udcb0 Consider driving during peak hours for higher earnings potential.""]"
driver_008_trip_017,driver_008,2026-03-09 11:53:22.162157,2026-03-09 13:07:22.162157,74.0,48.25,0.652027027027027,36,0,0,0,0,29.18918918918919,0.4864864864864865,POOR,0.1,False,"[""\u26a0\ufe0f Safety concerns detected. Focus on smoother driving techniques."", ""Reduce speed and increase following distance to prevent harsh braking."", ""\ud83d\udcc8 High event rate detected. Focus on anticipating traffic flow.""]"
driver_002_trip_011,driver_002,2026-03-09 11:57:22.162157,2026-03-09 12:15:22.162157,18.0,39.75,2.2083333333333335,27,0,0,0,0,90.0,1.5,POOR,0.85,False,"[""\u26a0\ufe0f Safety concerns detected. Focus on smoother driving techniques."", ""Reduce speed and increase following distance to prevent harsh braking."", ""\ud83d\udcc8 High event rate detected. Focus on anticipating traffic flow.""]"
driver_010_trip_004,driver_010,2026-03-09 12:01:22.162157,2026-03-09 12:28:22.162157,27.0,48.59,1.7996296296296297,15,0,0,0,0,33.333333333333336,0.5555555555555556,POOR,0.82,False,"[""\u26a0\ufe0f Safety concerns detected. Focus on smoother driving techniques."", ""Reduce speed and increase following distance to prevent harsh braking."", ""\ud83d\udcc8 High event rate detected. Focus on anticipating traffic flow.""]"
driver_006_trip_015,driver_006,2026-03-09 13:27:22.162157,2026-03-09 13:45:22.162157,18.0,36.61,2.033888888888889,22,0,0,0,0,73.33333333333334,1.2222222222222223,POOR,0.88,False,"[""\u26a0\ufe0f Safety concerns detected. Focus on smoother driving techniques."", ""Reduce speed and increase following distance to prevent harsh braking."", ""\ud83d\udcc8 High event rate detected. Focus on anticipating traffic flow.""]"
driver_002_trip_019,driver_002,2026-03-09 13:41:22.162157,2026-03-09 15:08:22.162157,87.0,43.2,0.4965517241379311,25,0,0,0,0,17.241379310344826,0.28735632183908044,POOR,0.0,False,"[""\u26a0\ufe0f Safety concerns detected. Focus on smoother driving techniques."", ""Reduce speed and increase following distance to prevent harsh braking."", ""\ud83d\udcc8 High event rate detected. Focus on anticipating traffic flow."", ""\ud83d\udcb0 Consider driving during peak hours for higher earnings potential.""]"
driver_002_trip_018,driver_002,2026-03-09 14:25:22.162157,2026-03-09 15:09:22.162157,44.0,26.25,0.5965909090909091,13,0,0,0,0,17.727272727272727,0.29545454545454547,POOR,0.06,False,"[""\u26a0\ufe0f Safety concerns detected. Focus on smoother driving techniques."", ""Reduce speed and increase following distance to prevent harsh braking."", ""\ud83d\udcc8 High event rate detected. Focus on anticipating traffic flow.""]"
driver_006_trip_003,driver_006,2026-03-09 15:19:22.162157,2026-03-09 16:12:22.162157,53.0,47.32,0.8928301886792452,11,0,0,0,0,12.452830188679245,0.20754716981132076,POOR,0.26,False,"[""\u26a0\ufe0f Safety concerns detected. Focus on smoother driving techniques."", ""Reduce speed and increase following distance to prevent harsh braking."", ""\ud83d\udcc8 High event rate detected. Focus on anticipating traffic flow.""]"
driver_007_trip_016,driver_007,2026-03-09 16:59:22.162157,2026-03-09 18:10:22.162157,71.0,42.62,0.600281690140845,43,0,0,0,0,36.33802816901408,0.6056338028169014,POOR,0.06,False,"[""\u26a0\ufe0f Safety concerns detected. Focus on smoother driving techniques."", ""Reduce speed and increase following distance to prevent harsh braking."", ""\ud83d\udcc8 High event rate detected. Focus on anticipating traffic flow.""]"
driver_001_trip_005,driver_001,2026-03-09 17:13:22.162157,2026-03-09 17:44:22.162157,31.0,7.54,0.2432258064516129,22,0,0,0,0,42.58064516129033,0.7096774193548387,POOR,0.0,True,"[""\u26a0\ufe0f Safety concerns detected. Focus on smoother driving techniques."", ""Reduce speed and increase following distance to prevent harsh braking."", ""\ud83d\udcc8 High event rate detected. Focus on anticipating traffic flow.""]"
driver_004_trip_013,driver_004,2026-03-09 17:29:22.162157,2026-03-09 17:58:22.162157,29.0,34.03,1.173448275862069,23,0,0,0,0,47.58620689655173,0.7931034482758621,POOR,0.41,True,"[""\u26a0\ufe0f Safety concerns detected. Focus on smoother driving techniques."", ""Reduce speed and increase following distance to prevent harsh braking."", ""\ud83d\udcc8 High event rate detected. Focus on anticipating traffic flow.""]"
driver_005_trip_011,driver_005,2026-03-09 17:43:22.162157,2026-03-09 19:00:22.162157,77.0,15.68,0.20363636363636364,13,0,0,0,0,10.12987012987013,0.16883116883116883,POOR,0.0,True,"[""\u26a0\ufe0f Safety concerns detected. Focus on smoother driving techniques."", ""Reduce speed and increase following distance to prevent harsh braking."", ""\ud83d\udcc8 High event rate detected. Focus on anticipating traffic flow.""]"
driver_001_trip_016,driver_001,2026-03-09 19:04:22.162157,2026-03-09 19:22:22.162157,18.0,5.72,0.31777777777777777,11,0,0,0,0,36.66666666666667,0.6111111111111112,POOR,0.0,True,"[""\u26a0\ufe0f Safety concerns detected. Focus on smoother driving techniques."", ""Reduce speed and increase following distance to prevent harsh braking."", ""\ud83d\udcc8 High event rate detected. Focus on anticipating traffic flow.""]"
driver_010_trip_018,driver_010,2026-03-09 22:38:22.162157,2026-03-09 23:48:22.162157,70.0,42.03,0.6004285714285714,26,0,0,0,0,22.285714285714285,0.37142857142857144,POOR,0.06,False,"[""\u26a0\ufe0f Safety concerns detected. Focus on smoother driving techniques."", ""Reduce speed and increase following distance to prevent harsh braking."", ""\ud83d\udcc8 High event rate detected. Focus on anticipating traffic flow.""]"
driver_001_trip_009,driver_001,2026-03-09 22:57:22.162157,2026-03-10 00:05:22.162157,68.0,22.99,0.33808823529411763,23,0,0,0,0,20.294117647058826,0.3382352941176471,POOR,0.0,False,"[""\u26a0\ufe0f Safety concerns detected. Focus on smoother driving techniques."", ""Reduce speed and increase following distance to prevent harsh braking."", ""\ud83d\udcc8 High event rate detected. Focus on anticipating traffic flow."", ""\ud83d\udcb0 Consider driving during peak hours for higher earnings potential.""]"
driver_006_trip_018,driver_006,2026-03-09 23:47:22.162157,2026-03-10 00:56:22.162157,69.0,28.01,0.40594202898550724,13,0,0,0,0,11.304347826086957,0.18840579710144928,POOR,0.0,False,"[""\u26a0\ufe0f Safety concerns detected. Focus on smoother driving techniques."", ""Reduce speed and increase following distance to prevent harsh braking."", ""\ud83d\udcc8 High event rate detected. Focus on anticipating traffic flow."", ""\ud83d\udcb0 Consider driving during peak hours for higher earnings potential.""]"
driver_009_trip_012,driver_009,2026-03-10 00:58:22.162157,2026-03-10 02:36:22.162157,98.0,19.4,0.19795918367346937,13,0,0,0,0,7.959183673469388,0.1326530612244898,POOR,0.0,False,"[""\u26a0\ufe0f Safety concerns detected. Focus on smoother driving techniques."", ""Reduce speed and increase following distance to prevent harsh braking."", ""\ud83d\udc40 Moderate event rate. Increase situational awareness."", ""\ud83d\udcb0 Consider driving during peak hours for higher earnings potential.""]"
driver_008_trip_020,driver_008,2026-03-10 03:36:22.162157,2026-03-10 04:20:22.162157,44.0,20.14,0.45772727272727276,34,0,0,0,0,46.36363636363636,0.7727272727272727,POOR,0.0,False,"[""\u26a0\ufe0f Safety concerns detected. Focus on smoother driving techniques."", ""Reduce speed and increase following distance to prevent harsh braking."", ""\ud83d\udcc8 High event rate detected. Focus on anticipating traffic flow."", ""\ud83d\udcb0 Consider driving during peak hours for higher earnings potential.""]"
driver_004_trip_007,driver_004,2026-03-10 03:49:22.162157,2026-03-10 04:36:22.162157,47.0,21.55,0.45851063829787236,34,0,0,0,0,43.40425531914894,0.723404255319149,POOR,0.0,False,"[""\u26a0\ufe0f Safety concerns detected. Focus on smoother driving techniques."", ""Reduce speed and increase following distance to prevent harsh braking."", ""\ud83d\udcc8 High event rate detected. Focus on anticipating traffic flow."", ""\ud83d\udcb0 Consider driving during peak hours for higher earnings potential.""]"
driver_009_trip_001,driver_009,2026-03-10 03:58:22.162157,2026-03-10 05:40:22.162157,102.0,43.02,0.421764705882353,33,0,0,0,0,19.411764705882355,0.3235294117647059,POOR,0.0,False,"[""\u26a0\ufe0f Safety concerns detected. Focus on smoother driving techniques."", ""Reduce speed and increase following distance to prevent harsh braking."", ""\ud83d\udcc8 High event rate detected. Focus on anticipating traffic flow."", ""\ud83d\udcb0 Consider driving during peak hours for higher earnings potential.""]"
driver_002_trip_017,driver_002,2026-03-10 04:27:22.162157,2026-03-10 06:15:22.162157,108.0,31.61,0.29268518518518516,35,0,0,0,0,19.444444444444443,0.32407407407407407,POOR,0.0,False,"[""\u26a0\ufe0f Safety concerns detected. Focus on smoother driving techniques."", ""Reduce speed and increase following distance to prevent harsh braking."", ""\ud83d\udcc8 High event rate detected. Focus on anticipating traffic flow."", ""\ud83d\udcb0 Consider driving during peak hours for higher earnings potential.""]"
driver_003_trip_001,driver_003,2026-03-10 05:33:22.162157,2026-03-10 06:09:22.162157,36.0,28.52,0.7922222222222222,23,0,0,0,0,38.33333333333333,0.6388888888888888,POOR,0.18,False,"[""\u26a0\ufe0f Safety concerns detected. Focus on smoother driving techniques."", ""Reduce speed and increase following distance to prevent harsh braking."", ""\ud83d\udcc8 High event rate detected. Focus on anticipating traffic flow.""]"
driver_008_trip_013,driver_008,2026-03-10 05:58:22.162157,2026-03-10 06:39:22.162157,41.0,47.31,1.1539024390243904,13,0,0,0,0,19.024390243902438,0.3170731707317073,POOR,0.42,False,"[""\u26a0\ufe0f Safety concerns detected. Focus on smoother driving techniques."", ""Reduce speed and increase following distance to prevent harsh braking."", ""\ud83d\udcc8 High event rate detected. Focus on anticipating traffic flow.""]"
driver_005_trip_015,driver_005,2026-03-10 06:57:22.162157,2026-03-10 08:32:22.162157,95.0,16.93,0.17821052631578946,31,0,0,0,0,19.578947368421055,0.3263157894736842,POOR,0.0,False,"[""\u26a0\ufe0f Safety concerns detected. Focus on smoother driving techniques."", ""Reduce speed and increase following distance to prevent harsh braking."", ""\ud83d\udcc8 High event rate detected. Focus on anticipating traffic flow."", ""\ud83d\udcb0 Consider driving during peak hours for higher earnings potential.""]"
driver_005_trip_020,driver_005,2026-03-10 07:02:22.162157,2026-03-10 08:48:22.162157,106.0,13.79,0.1300943396226415,20,0,0,0,0,11.320754716981133,0.18867924528301888,POOR,0.0,True,"[""\u26a0\ufe0f Safety concerns detected. Focus on smoother driving techniques."", ""Reduce speed and increase following distance to prevent harsh braking."", ""\ud83d\udcc8 High event rate detected. Focus on anticipating traffic flow.""]"
driver_008_trip_011,driver_008,2026-03-10 07:58:22.162157,2026-03-10 09:16:22.162157,78.0,35.78,0.45871794871794874,11,0,0,0,0,8.461538461538462,0.14102564102564102,POOR,0.0,True,"[""\u26a0\ufe0f Safety concerns detected. Focus on smoother driving techniques."", ""Reduce speed and increase following distance to prevent harsh braking."", ""\ud83d\udc40 Moderate event rate. Increase situational awareness.""]"
driver_004_trip_010,driver_004,2026-03-10 10:10:22.162157,2026-03-10 11:18:22.162157,68.0,13.39,0.19691176470588237,22,0,0,0,0,19.411764705882355,0.3235294117647059,POOR,0.0,False,"[""\u26a0\ufe0f Safety concerns detected. Focus on smoother driving techniques."", ""Reduce speed and increase following distance to prevent harsh braking."", ""\ud83d\udcc8 High event rate detected. Focus on anticipating traffic flow."", ""\ud83d\udcb0 Consider driving during peak hours for higher earnings potential.""]"
driver_010_trip_012,driver_010,2026-03-10 10:18:22.162157,2026-03-10 11:03:22.162157,45.0,21.93,0.48733333333333334,10,0,0,0,0,13.333333333333332,0.2222222222222222,FAIR,0.0,False,"[""\ud83d\udcca Room for safety improvement. Monitor driving patterns during busy periods."", ""\ud83d\udcc8 High event rate detected. Focus on anticipating traffic flow."", ""\ud83d\udcb0 Consider driving during peak hours for higher earnings potential.""]"
driver_005_trip_012,driver_005,2026-03-10 12:43:22.162157,2026-03-10 13:40:22.162157,57.0,38.59,0.6770175438596492,11,0,0,0,0,11.578947368421051,0.19298245614035087,POOR,0.12,False,"[""\u26a0\ufe0f Safety concerns detected. Focus on smoother driving techniques."", ""Reduce speed and increase following distance to prevent harsh braking."", ""\ud83d\udcc8 High event rate detected. Focus on anticipating traffic flow.""]"
driver_010_trip_010,driver_010,2026-03-10 14:11:22.162157,2026-03-10 15:25:22.162157,74.0,44.62,0.6029729729729729,10,0,0,0,0,8.108108108108109,0.13513513513513514,FAIR,0.07,False,"[""\ud83d\udcca Room for safety improvement. Monitor driving patterns during busy periods."", ""\ud83d\udc40 Moderate event rate. Increase situational awareness.""]"
driver_003_trip_009,driver_003,2026-03-10 17:40:22.162157,2026-03-10 18:46:22.162157,66.0,9.75,0.14772727272727273,36,0,0,0,0,32.72727272727273,0.5454545454545454,POOR,0.0,True,"[""\u26a0\ufe0f Safety concerns detected. Focus on smoother driving techniques."", ""Reduce speed and increase following distance to prevent harsh braking."", ""\ud83d\udcc8 High event rate detected. Focus on anticipating traffic flow.""]"
driver_009_trip_002,driver_009,2026-03-10 18:08:22.162157,2026-03-10 18:51:22.162157,43.0,16.73,0.38906976744186045,24,0,0,0,0,33.48837209302326,0.5581395348837209,POOR,0.0,True,"[""\u26a0\ufe0f Safety concerns detected. Focus on smoother driving techniques."", ""Reduce speed and increase following distance to prevent harsh braking."", ""\ud83d\udcc8 High event rate detected. Focus on anticipating traffic flow.""]"
driver_008_trip_007,driver_008,2026-03-10 18:18:22.162157,2026-03-10 19:00:22.162157,42.0,25.91,0.616904761904762,10,0,0,0,0,14.285714285714285,0.23809523809523808,FAIR,0.08,True,"[""\ud83d\udcca Room for safety improvement. Monitor driving patterns during busy periods."", ""\ud83d\udcc8 High event rate detected. Focus on anticipating traffic flow.""]"
driver_010_trip_011,driver_010,2026-03-10 19:03:22.162157,2026-03-10 20:23:22.162157,80.0,49.37,0.6171249999999999,59,0,0,0,0,44.25,0.7375,POOR,0.07,True,"[""\u26a0\ufe0f Safety concerns detected. Focus on smoother driving techniques."", ""Reduce speed and increase following distance to prevent harsh braking."", ""\ud83d\udcc8 High event rate detected. Focus on anticipating traffic flow.""]"
driver_005_trip_003,driver_005,2026-03-10 19:05:22.162157,2026-03-10 20:02:22.162157,57.0,43.1,0.756140350877193,55,0,0,0,0,57.89473684210526,0.9649122807017544,POOR,0.15,True,"[""\u26a0\ufe0f Safety concerns detected. Focus on smoother driving techniques."", ""Reduce speed and increase following distance to prevent harsh braking."", ""\ud83d\udcc8 High event rate detected. Focus on anticipating traffic flow.""]"
driver_005_trip_005,driver_005,2026-03-10 19:19:22.162157,2026-03-10 19:52:22.162157,33.0,43.29,1.3118181818181818,24,0,0,0,0,43.63636363636364,0.7272727272727273,POOR,0.5,True,"[""\u26a0\ufe0f Safety concerns detected. Focus on smoother driving techniques."", ""Reduce speed and increase following distance to prevent harsh braking."", ""\ud83d\udcc8 High event rate detected. Focus on anticipating traffic flow.""]"
driver_003_trip_008,driver_003,2026-03-10 19:45:22.162157,2026-03-10 21:20:22.162157,95.0,44.62,0.46968421052631576,50,0,0,0,0,31.57894736842105,0.5263157894736842,POOR,0.0,True,"[""\u26a0\ufe0f Safety concerns detected. Focus on smoother driving techniques."", ""Reduce speed and increase following distance to prevent harsh braking."", ""\ud83d\udcc8 High event rate detected. Focus on anticipating traffic flow.""]"
driver_004_trip_005,driver_004,2026-03-10 19:56:22.162157,2026-03-10 20:37:22.162157,41.0,31.67,0.7724390243902439,12,0,0,0,0,17.560975609756095,0.2926829268292683,POOR,0.18,True,"[""\u26a0\ufe0f Safety concerns detected. Focus on smoother driving techniques."", ""Reduce speed and increase following distance to prevent harsh braking."", ""\ud83d\udcc8 High event rate detected. Focus on anticipating traffic flow.""]"
driver_004_trip_011,driver_004,2026-03-10 20:57:22.162157,2026-03-10 21:26:22.162157,29.0,19.67,0.6782758620689656,24,0,0,0,0,49.6551724137931,0.8275862068965517,POOR,0.11,False,"[""\u26a0\ufe0f Safety concerns detected. Focus on smoother driving techniques."", ""Reduce speed and increase following distance to prevent harsh braking."", ""\ud83d\udcc8 High event rate detected. Focus on anticipating traffic flow.""]"
driver_001_trip_011,driver_001,2026-03-10 21:09:22.162157,2026-03-10 22:20:22.162157,71.0,9.08,0.12788732394366198,13,0,0,0,0,10.985915492957746,0.18309859154929578,POOR,0.0,False,"[""\u26a0\ufe0f Safety concerns detected. Focus on smoother driving techniques."", ""Reduce speed and increase following distance to prevent harsh braking."", ""\ud83d\udcc8 High event rate detected. Focus on anticipating traffic flow."", ""\ud83d\udcb0 Consider driving during peak hours for higher earnings potential.""]"
